latitude,longitude,label,data_source,elevation_m,slope_deg,historical_incidents_5yr
25.3098633,94.48214677,1,NASA_COOLR,1547.0,20.524495953194126,2
25.7658,93.9413,1,NASA_COOLR,838.0,32.400577110047564,5
25.7131,94.0885,1,NASA_COOLR,1410.0,18.267526748831447,19
24.1419,94.1078,1,NASA_COOLR,1148.0,18.713976452042584,2
25.616,94.1167,1,NASA_COOLR,1592.0,19.1575103387227,21
25.4769,94.1351,1,NASA_COOLR,1676.0,17.71953234112954,16
25.5215,93.1645,1,NASA_COOLR,280.0,2.062698449428527,1
25.8833,91.2,1,NASA_COOLR,256.0,10.100330099308914,0
25.3179,94.0462,1,NASA_COOLR,997.0,9.338855429722836,8
24.75,93.4333,1,NASA_COOLR,472.0,27.41371253714203,7
25.0985,94.3619,1,NASA_COOLR,1899.0,0.817204975101472,4
27.6163,88.6586,1,NASA_COOLR,4426.0,21.079780170535273,0
25.5728,91.885,1,NASA_COOLR,1510.0,1.7476512695555169,3
26.7223,95.0243,1,NASA_COOLR,691.0,3.0242751163135715,3
24.7625,93.4341,1,NASA_COOLR,660.0,18.98594518217311,8
27.0987,93.816,1,NASA_COOLR,227.0,5.46116334550639,6
25.1553,93.028,1,NASA_COOLR,591.0,17.46355331928209,3
22.533,92.899,1,NASA_COOLR,820.0,7.040104319833937,1
25.1175,92.8573,1,NASA_COOLR,156.0,5.390049108092935,4
27.1761,88.5287,1,NASA_COOLR,2672.0,33.28624172676334,4
23.591,92.9296,1,NASA_COOLR,806.0,18.398355194373195,0
27.3383,88.6069,1,NASA_COOLR,2496.0,35.83758323990822,12
24.9829,93.5063,1,NASA_COOLR,1322.0,16.582078149850766,8
25.5125,93.3613,1,NASA_COOLR,323.0,7.683310051851468,0
25.31006064,94.48265093,1,NASA_COOLR,1547.0,20.524495953194126,2
24.9925,93.5,1,NASA_COOLR,1221.0,2.0893918428352714,8
28.9205,95.3429,1,NASA_COOLR,4066.0,9.253125902508993,0
27.6438,93.871,1,NASA_COOLR,1689.0,23.85781895805753,0
24.8286,93.5935,1,NASA_COOLR,711.0,27.8410351908953,6
27.2298,94.0989,1,NASA_COOLR,95.0,0.1986852641425401,2
25.9703,91.8584,1,NASA_COOLR,283.0,7.036652891503098,5
25.5145,90.2023,1,NASA_COOLR,313.0,2.928084729090411,5
25.38,91.88,1,NASA_COOLR,1303.0,29.567542534178504,0
26.1548,91.7351,1,NASA_COOLR,57.0,0.486205320089629,33
22.479,92.967,1,NASA_COOLR,468.0,14.607001258745285,1
27.8965,96.1779,1,NASA_COOLR,204.0,0.541642741902787,1
25.6682,94.1099,1,NASA_COOLR,1432.0,4.745343622843934,17
24.004,93.9815,1,NASA_COOLR,1449.0,20.414451563967628,2
25.5242,92.9914,1,NASA_COOLR,152.0,1.127620126504282,0
24.6869,93.9157,1,NASA_COOLR,780.0,0.27623834592374014,4
27.9032,96.174,1,NASA_COOLR,208.0,0.4008391957273153,1
25.4191,94.1079,1,NASA_COOLR,1400.0,6.224237792611209,15
26.8716,94.9921,1,NASA_COOLR,280.0,8.291732675627445,1
26.09748244,91.8744337,1,NASA_COOLR,178.0,17.007163898898696,27
27.4,92.35,1,NASA_COOLR,2622.0,18.057473832197623,1
27.3702,88.7334,1,NASA_COOLR,3266.0,28.109694559040825,12
24.3527,94.3429,1,NASA_COOLR,299.0,9.67367806534021,0
26.0977,94.7499,1,NASA_COOLR,1553.0,9.75605930795853,4
27.3341,88.6083,1,NASA_COOLR,2345.0,30.474537658573453,12
26.0319,94.5466,1,NASA_COOLR,1538.0,29.609802518381155,10
27.1249,93.7706,1,NASA_COOLR,158.0,8.716974285558816,7
26.1677,94.2442,1,NASA_COOLR,775.0,21.764788176433505,1
27.174,95.8011,1,NASA_COOLR,296.0,0.7850199717165752,0
28.4659,95.86,1,NASA_COOLR,1064.0,22.70368503115872,1
24.7505,93.4221,1,NASA_COOLR,783.0,6.534223462307661,7
25.4477,94.0489,1,NASA_COOLR,1349.0,26.161504294606264,15
26.284,94.5808,1,NASA_COOLR,719.0,18.37806150267973,8
26.149,91.7351,1,NASA_COOLR,52.0,0.12621444990709196,34
25.0672,93.4093,1,NASA_COOLR,460.0,11.076112073124856,6
24.1988,94.1016,1,NASA_COOLR,1381.0,19.433243592680714,3
27.8776,94.25,1,NASA_COOLR,950.0,24.009004212833993,0
26.1475,91.7356,1,NASA_COOLR,53.0,0.1492936104749384,34
24.9037,93.487,1,NASA_COOLR,1241.0,25.75779451992436,9
25.4538,93.9827,1,NASA_COOLR,1775.0,29.075136405857272,11
26.1147,94.3864,1,NASA_COOLR,359.0,4.036270851212997,3
27.3425,88.6236,1,NASA_COOLR,2569.0,36.676432081001174,14
24.5202,92.7239,1,NASA_COOLR,44.0,0.4605609656404501,1
24.9818,93.5142,1,NASA_COOLR,1254.0,10.611455114764402,8
26.1985,91.7998,1,NASA_COOLR,79.0,1.3467811037072015,33
25.6269,94.1139,1,NASA_COOLR,1574.0,5.186738524913387,19
24.4279,94.0564,1,NASA_COOLR,896.0,9.033165072271139,4
26.8727,94.9275,1,NASA_COOLR,134.0,1.2887376592656363,1
27.0011,93.7273,1,NASA_COOLR,106.0,0.7842243958605353,7
23.7327,92.7463,1,NASA_COOLR,836.0,22.442685368405645,12
27.3721,88.708,1,NASA_COOLR,3145.0,21.072261001173302,13
25.203,90.5573,1,NASA_COOLR,158.0,14.286405801425358,1
26.1984,94.8158,1,NASA_COOLR,1889.0,25.6288417719731,5
24.4638,92.4943,1,NASA_COOLR,92.0,5.48439999566398,1
23.75406693,92.74128531,1,NASA_COOLR,961.0,20.273292438925893,12
26.0814,94.803,1,NASA_COOLR,931.0,27.509080859719077,4
25.7902,94.1318,1,NASA_COOLR,1291.0,7.52995676284727,12
24.8961,93.4957,1,NASA_COOLR,1051.0,27.29937630662281,11
27.0377,88.3603,1,NASA_COOLR,2805.0,29.793253510226133,8
24.8669,92.3576,1,NASA_COOLR,23.0,0.2289278327987684,0
25.7428,93.9136,1,NASA_COOLR,481.0,12.279407061361598,5
23.3572,92.7878,1,NASA_COOLR,1372.0,10.625926500947552,1
25.61560252,94.11603493,1,NASA_COOLR,1636.0,17.15366664961568,21
26.4333,94.8833,1,NASA_COOLR,554.0,19.321521510723915,2
26.1314,91.7548,1,NASA_COOLR,74.0,2.5349163174295035,36
26.1699,94.4922,1,NASA_COOLR,1174.0,10.352276374011387,8
27.2333,94.1167,1,NASA_COOLR,89.0,1.1148094888597788,2
24.1293,92.6921,1,NASA_COOLR,825.0,4.3464312189248515,2
25.03561729,94.0144205,1,NASA_COOLR,876.0,6.690909632650952,2
25.3833,94.1884,1,NASA_COOLR,1680.0,11.941964131666174,11
26.1666,91.7042,1,NASA_COOLR,236.0,8.343085279054002,32
26.0977,94.7031,1,NASA_COOLR,1735.0,31.397495185352923,5
25.48,94.1383,1,NASA_COOLR,1704.0,9.010327561675163,18
24.7979,92.9974,1,NASA_COOLR,28.0,0.3232637533264392,1
26.1044,91.7082,1,NASA_COOLR,54.0,1.121045895124419,32
24.9336,93.8275,1,NASA_COOLR,1028.0,12.21327717690699,2
26.4205,94.9731,1,NASA_COOLR,699.0,7.48657795165149,2
27.1034,93.6885,1,NASA_COOLR,147.0,1.0605151174867922,8
27.4888,93.0153,1,NASA_COOLR,519.0,12.685723604292484,1
23.899,94.1434,1,NASA_COOLR,269.0,5.426736737120579,2
25.0118,94.3136,1,NASA_COOLR,1393.0,5.38575117637964,4
28.1193,95.1645,1,NASA_COOLR,769.0,22.86346974807651,0
25.1019,93.3729,1,NASA_COOLR,1137.0,2.770389305456435,1
27.3773,88.559,1,NASA_COOLR,3060.0,26.5299146892193,9
26.2363,94.8133,1,NASA_COOLR,1558.0,6.958026898060661,3
25.6278,94.1051,1,NASA_COOLR,1532.0,20.219036286201113,17
23.74182634,92.7141905,1,NASA_COOLR,937.0,26.809359244524476,12
23.0137,91.7174,1,NASA_COOLR,31.0,2.2743366543517567,0
27.3765,88.7628,1,NASA_COOLR,3048.0,23.693567836512695,7
26.222,94.9152,1,NASA_COOLR,1767.0,27.461165262486034,3
26.0137,94.5163,1,NASA_COOLR,1720.0,12.3817330770383,7
26.1407,91.7645,1,NASA_COOLR,63.0,1.1221518335890117,36
24.808,93.117,1,NASA_COOLR,40.0,0.4234387545877076,1
25.5114,90.215,1,NASA_COOLR,309.0,6.62651136540731,5
25.8877,94.7861,1,NASA_COOLR,1171.0,4.984936494632007,1
25.6623,94.1072,1,NASA_COOLR,1382.0,10.29024663468495,17
25.9611,91.3681,1,NASA_COOLR,186.0,2.987456575530519,0
24.7339,93.9161,1,NASA_COOLR,884.0,6.857990872000191,5
26.1978,91.7665,1,NASA_COOLR,79.0,3.6360665783693626,35
24.819,94.3551,1,NASA_COOLR,1607.0,24.875216758235833,1
25.463,92.2121,1,NASA_COOLR,1383.0,3.205391671197575,2
24.9111,94.4759,1,NASA_COOLR,1845.0,27.408994101924527,1
27.8458,95.2253,1,NASA_COOLR,134.0,0.37189738291746965,0
23.8986,91.7599,1,NASA_COOLR,191.0,2.11759299734972,0
25.5265,93.8673,1,NASA_COOLR,1377.0,21.38632809695617,3
26.1062,91.8717,1,NASA_COOLR,247.0,14.173764970338278,28
25.4788,94.1399,1,NASA_COOLR,1653.0,13.994476439747093,16
25.5006,90.0896,1,NASA_COOLR,50.0,2.3497342022390217,5
26.1662,91.7138,1,NASA_COOLR,127.0,18.291874236267454,32
25.8376,94.5234,1,NASA_COOLR,803.0,4.225871416995935,0
26.0481,94.4619,1,NASA_COOLR,857.0,23.799137700620097,8
26.1324,91.8342,1,NASA_COOLR,70.0,6.968744120565626,33
27.1748,88.6458,1,NASA_COOLR,2725.0,33.074591468942614,3
25.8702,94.7844,1,NASA_COOLR,1144.0,3.9951139679664514,1
26.0214,94.5224,1,NASA_COOLR,1634.0,19.08972739535265,7
24.7459,93.4251,1,NASA_COOLR,771.0,11.864769005938141,7
25.2568,92.3825,1,NASA_COOLR,799.0,9.358413397806757,3
26.1295,91.7056,1,NASA_COOLR,143.0,3.8887006545213305,32
27.167,88.3652,1,NASA_COOLR,2709.0,20.461257063642872,9
25.5718,94.1211,1,NASA_COOLR,1629.0,8.14775908451474,21
26.1807,94.5497,1,NASA_COOLR,1660.0,18.891361993700222,9
27.3746,88.7648,1,NASA_COOLR,3056.0,20.810900071039807,6
26.1963,91.8074,1,NASA_COOLR,177.0,6.5984381607839095,32
25.6633,94.4703,1,NASA_COOLR,1445.0,4.361707034392364,0
26.99195749,88.42280921,1,NASA_COOLR,1847.0,31.956328574580162,3
26.159,91.8178,1,NASA_COOLR,69.0,5.6349764874679655,35
26.3333,91.25,1,NASA_COOLR,42.0,0.12464341325821394,0
26.72,95.029,1,NASA_COOLR,688.0,4.761545544130662,3
25.4192,94.108,1,NASA_COOLR,1390.0,8.895267534106814,15
27.3736,88.7323,1,NASA_COOLR,3115.0,19.06734091650589,12
25.1718,93.123,1,NASA_COOLR,729.0,9.243633057118872,5
25.426,94.6024,1,NASA_COOLR,1343.0,11.940849924740203,0
26.0093,94.5238,1,NASA_COOLR,1805.0,12.136362405459836,7
27.1614,93.7525,1,NASA_COOLR,152.0,2.951465563766427,6
26.1868,91.6739,1,NASA_COOLR,51.0,0.46445445437036587,30
25.51614662,94.2341227,1,NASA_COOLR,1650.0,20.820925958085844,8
26.5836,93.0038,1,NASA_COOLR,73.0,0.29613097368486746,0
25.1333,93.9667,1,NASA_COOLR,1012.0,2.9900516474727805,3
25.5576,91.8506,1,NASA_COOLR,1684.0,2.068372045511069,3
25.0634,94.3415,1,NASA_COOLR,1783.0,15.663890179459464,3
24.837,93.9128,1,NASA_COOLR,787.0,3.3095816890003413,5
27.1499,88.38,1,NASA_COOLR,3005.0,23.2093339147313,8
27.1954,88.6115,1,NASA_COOLR,2251.0,35.65493170757142,10
27.1032,93.6884,1,NASA_COOLR,147.0,1.0605151174867922,8
25.4916,91.2698,1,NASA_COOLR,1493.0,3.320948631704406,1
27.163,94.0,1,NASA_COOLR,94.0,0.11233912306952235,2
26.1619,91.7697,1,NASA_COOLR,55.0,0.5630781058916313,35
25.0604,93.9877,1,NASA_COOLR,1546.0,10.27046964201786,2
25.0951,92.3567,1,NASA_COOLR,236.0,24.984008712802414,3
27.2743,92.9064,1,NASA_COOLR,645.0,11.439128157055148,0
25.7238,89.9032,1,NASA_COOLR,38.0,3.420491934651679,0
24.9849,92.8411,1,NASA_COOLR,251.0,2.893836997066224,4
25.5007,93.9854,1,NASA_COOLR,1444.0,20.486779150810207,10
24.3069,93.125,1,NASA_COOLR,761.0,14.80516599960638,0
25.6263,94.1057,1,NASA_COOLR,1517.0,13.744044619566852,18
28.1737,94.7596,1,NASA_COOLR,563.0,19.9171768573969,0
27.0869,93.6086,1,NASA_COOLR,315.0,5.797458836679768,5
23.8447,93.0514,1,NASA_COOLR,1110.0,21.322018376446266,0
25.5772,91.8666,1,NASA_COOLR,1474.0,4.1173624868465994,3
25.5498,92.0757,1,NASA_COOLR,1260.0,5.426669560670367,0
24.8142,93.5444,1,NASA_COOLR,537.0,24.109411885382265,10
27.3425,88.2426,1,NASA_COOLR,2569.0,36.676432081001174,2
25.0477,92.801,1,NASA_COOLR,197.0,16.621871200368926,4
25.70223725,94.04619681,1,NASA_COOLR,1020.0,12.75704533384643,18
26.3185,94.5247,1,NASA_COOLR,1163.0,13.271739521924658,6
26.1844,91.7896,1,NASA_COOLR,61.0,1.067979227210473,35
24.2451,94.0691,1,NASA_COOLR,1289.0,24.874103690686848,3
25.6237,94.1136,1,NASA_COOLR,1631.0,22.280185945920284,21
27.1675,88.3651,1,NASA_COOLR,2732.0,20.6206704783295,9
24.4072,94.0644,1,NASA_COOLR,1152.0,19.27501710726786,4
23.7527,92.694,1,NASA_COOLR,794.0,14.161530250060952,12
26.138,94.25,1,NASA_COOLR,1024.0,9.801903515753697,2
23.9939,94.0573,1,NASA_COOLR,971.0,3.6301318478064917,3
26.49349035,91.72137514,1,NASA_COOLR,62.0,0.48300365199951284,0
25.67,94.1066,1,NASA_COOLR,1447.0,7.1895959070893305,17
24.9356,93.8443,1,NASA_COOLR,855.0,1.8649955925690547,2
24.7543,93.5039,1,NASA_COOLR,405.0,12.031796692830005,9
23.7131,92.7362,1,NASA_COOLR,901.0,12.202273414540665,12
26.3897,94.9439,1,NASA_COOLR,531.0,12.832281544927538,2
25.1416,92.3807,1,NASA_COOLR,160.0,13.088610551438212,4
23.73478778,92.72124394,1,NASA_COOLR,980.0,18.480867704238086,12
26.1961,91.7825,1,NASA_COOLR,124.0,7.888775260850892,35
25.0728,92.3636,1,NASA_COOLR,125.0,12.938982356031161,3
27.172,88.5292,1,NASA_COOLR,2843.0,14.078556279631787,4
23.7313,92.7187,1,NASA_COOLR,1041.0,17.02687942079177,12
25.1604,93.6795,1,NASA_COOLR,1098.0,11.241056897358513,1
27.337,88.609,1,NASA_COOLR,2465.0,30.604546062738308,12
27.322,88.6087,1,NASA_COOLR,2428.0,19.09637285186378,12
28.4298,95.8776,1,NASA_COOLR,512.0,7.834015057542832,1
24.5204,92.7264,1,NASA_COOLR,46.0,0.2666196926527292,1
27.0136,92.6351,1,NASA_COOLR,221.0,2.159962242898302,0
27.0998,93.6287,1,NASA_COOLR,403.0,5.061600494975735,7
26.1771,91.7599,1,NASA_COOLR,76.0,1.5679750875273721,35
26.9986,95.4993,1,NASA_COOLR,656.0,8.256830184666347,0
25.7713,93.8067,1,NASA_COOLR,237.0,5.469899087618136,2
27.8837,93.0515,1,NASA_COOLR,1559.0,32.10012707831832,0
27.05374234,88.42572376,1,NASA_COOLR,3212.0,14.261264350171857,8
24.8063,93.9482,1,NASA_COOLR,784.0,0.17625393035389716,5
22.7176,92.8416,1,NASA_COOLR,735.0,11.328490699609436,0
27.7,92.8,1,NASA_COOLR,2446.0,12.674074126832576,0
25.5098,93.8794,1,NASA_COOLR,1643.0,11.890892793298239,3
24.8628,94.4182,1,NASA_COOLR,893.0,21.744700381973306,2
24.9786,93.5027,1,NASA_COOLR,1310.0,15.610096184032981,8
25.2946,92.8339,1,NASA_COOLR,889.0,11.215207775902448,0
26.1226,91.7162,1,NASA_COOLR,80.0,15.554313142076992,32
25.583,91.893,1,NASA_COOLR,1453.0,1.6354754452722586,3
24.6005,92.3814,1,NASA_COOLR,90.0,2.1986630355035732,1
27.5799,91.8569,1,NASA_COOLR,2747.0,22.71073129981224,3
27.5754,91.9754,1,NASA_COOLR,2425.0,21.730530446390876,3
27.44,92.2833,1,NASA_COOLR,2614.0,13.749974780829765,1
26.2083,94.5438,1,NASA_COOLR,1477.0,13.770653920880207,9
24.6596,93.9784,1,NASA_COOLR,778.0,0.23012883271403822,4
25.8266,94.1497,1,NASA_COOLR,1396.0,10.695323100834445,4
26.1768,91.7702,1,NASA_COOLR,102.0,12.165003602316547,35
27.8997,93.3497,1,NASA_COOLR,872.0,6.889561686925093,0
27.0816,88.4397,1,NASA_COOLR,2888.0,9.789459632102465,10
23.7281,92.7175,1,NASA_COOLR,1081.0,12.310558746889427,12
25.16,93.686,1,NASA_COOLR,1032.0,29.555013181788986,1
25.3433,92.2897,1,NASA_COOLR,1204.0,1.5460615919681575,3
27.5798729,91.85672387,1,NASA_COOLR,2747.0,22.71073129981224,3
26.1016,91.6906,1,NASA_COOLR,105.0,12.465599273636084,30
24.2315,92.6755,1,NASA_COOLR,678.0,3.660009550561744,1
26.1965,91.763,1,NASA_COOLR,93.0,2.7115675858567028,34
26.1028,91.8806,1,NASA_COOLR,127.0,12.621053693811474,24
26.0838,94.564,1,NASA_COOLR,1827.0,17.178817081253058,11
24.042,92.6724,1,NASA_COOLR,810.0,7.495729881477859,1
27.125,93.7145,1,NASA_COOLR,132.0,0.4848891987802253,8
28.8254,96.1509,1,NASA_COOLR,3638.0,25.33953818803942,1
24.416,94.0984,1,NASA_COOLR,1375.0,19.419417718583663,4
25.4786,94.1327,1,NASA_COOLR,1761.0,7.863477077913806,18
25.8782,94.1739,1,NASA_COOLR,1344.0,13.954696297193529,3
27.1695,88.3664,1,NASA_COOLR,2765.0,19.49099790187133,9
25.0318,92.4584,1,NASA_COOLR,83.0,8.682674515657618,3
28.611,94.9829,1,NASA_COOLR,1680.0,34.6156067960113,0
23.5397,93.3783,1,NASA_COOLR,1575.0,21.877649126032008,0
26.1049,91.7369,1,NASA_COOLR,161.0,9.249739555278197,36
28.8254,96.1517,1,NASA_COOLR,3598.0,22.71465212878888,1
27.36,93.0385,1,NASA_COOLR,402.0,2.3780703155083494,1
26.1309,91.8383,1,NASA_COOLR,108.0,10.431206914888168,32
28.3036,95.4112,1,NASA_COOLR,1829.0,35.18879250698907,1
25.1555,93.8474,1,NASA_COOLR,1409.0,20.33486783943851,1
25.2745,94.0212,1,NASA_COOLR,1070.0,4.647456611674375,3
23.73504471,92.71060943,1,NASA_COOLR,936.0,6.906538067644916,12
25.0888,92.8551,1,NASA_COOLR,252.0,7.438802116929218,4
27.3392,88.6188,1,NASA_COOLR,2526.0,36.30577598237866,13
26.048,91.8695,1,NASA_COOLR,84.0,1.8832067844903964,13
23.3439,93.0748,1,NASA_COOLR,1321.0,30.18126408477792,0
25.5084,90.2191,1,NASA_COOLR,327.0,8.249401113945101,5
26.7103,94.693,1,NASA_COOLR,692.0,8.81379496121371,0
27.3543,88.6428,1,NASA_COOLR,2867.0,11.817707786357172,13
24.7679,93.4108,1,NASA_COOLR,514.0,18.32040076313989,7
25.72,94.6219,1,NASA_COOLR,1697.0,28.238616145247928,0
26.0101,94.5282,1,NASA_COOLR,1710.0,21.461738153206984,7
25.682,94.1076,1,NASA_COOLR,1444.0,12.037040664057033,18
23.7348,92.7187,1,NASA_COOLR,1045.0,16.192650111816974,12
25.2193,90.5549,1,NASA_COOLR,274.0,1.3772583639888427,1
27.5748,91.8644,1,NASA_COOLR,2693.0,8.63209802372665,3
25.318,94.0441,1,NASA_COOLR,1000.0,8.479590744145845,9
24.7016,93.5291,1,NASA_COOLR,662.0,19.712414823168547,8
25.0633,92.8025,1,NASA_COOLR,96.0,11.921904213254296,4
25.6703,94.1095,1,NASA_COOLR,1457.0,8.061663286658566,17
25.705,94.04,1,NASA_COOLR,1041.0,14.017306930097394,18
26.3186,94.5121,1,NASA_COOLR,1249.0,13.858283207809565,5
25.1122,94.3591,1,NASA_COOLR,1847.0,11.76843288332918,4
28.9986,94.8885,1,NASA_COOLR,599.0,3.8721287756928393,0
26.7215,95.0283,1,NASA_COOLR,713.0,7.086384574142764,3
27.2872,88.2816,1,NASA_COOLR,3017.0,27.049340093002606,6
23.7365,92.7146,1,NASA_COOLR,1056.0,15.359887976578785,12
23.7705,92.5217,1,NASA_COOLR,75.0,4.377955893830775,0
26.1498,94.6055,1,NASA_COOLR,1734.0,25.203240678285724,8
26.148,94.8422,1,NASA_COOLR,1490.0,25.107732855097108,6
25.5144,90.2167,1,NASA_COOLR,317.0,5.148220404965061,5
25.52,91.27,1,NASA_COOLR,1348.0,7.781692792873504,1
26.1964,91.7652,1,NASA_COOLR,78.0,2.460142773992596,35
24.4265,94.1913,1,NASA_COOLR,1306.0,7.676056522752959,4
23.72988966,92.71495623,1,NASA_COOLR,986.0,22.89988898305154,12
26.1833,91.8,1,NASA_COOLR,67.0,1.1312881070322793,34
27.1667,88.35,1,NASA_COOLR,2709.0,20.461257063642872,9
25.9702,91.8587,1,NASA_COOLR,283.0,7.036652891503098,5
27.339,88.6065,1,NASA_COOLR,2526.0,36.30577598237866,12
25.4993,94.1192,1,NASA_COOLR,1947.0,17.83404115935209,22
25.5212,90.232,1,NASA_COOLR,561.0,15.76024210135297,5
23.9278,94.0906,1,NASA_COOLR,939.0,5.081061607270016,3
24.9667,93.55,1,NASA_COOLR,572.0,13.604403978769055,8
25.1775,93.0123,1,NASA_COOLR,661.0,12.405418062126992,3
25.3056,93.1265,1,NASA_COOLR,319.0,3.660262610388622,2
25.1941,94.4481,1,NASA_COOLR,1733.0,6.757203755820074,4
25.4196,94.1054,1,NASA_COOLR,1416.0,12.584521168721006,15
25.83,94.13,1,NASA_COOLR,1019.0,8.248491694844855,5
24.9926,93.4946,1,NASA_COOLR,1143.0,9.746402419860509,8
23.4495,92.8112,1,NASA_COOLR,888.0,19.791387457597203,1
24.7992,93.948,1,NASA_COOLR,782.0,0.3300200402700899,5
26.1665,91.7049,1,NASA_COOLR,242.0,6.405603621025444,32
26.3335,94.5512,1,NASA_COOLR,1368.0,5.82257420427975,5
24.954,94.2156,1,NASA_COOLR,936.0,10.840985148830768,1
25.1796,93.0083,1,NASA_COOLR,689.0,7.544095283343805,3
25.4379,94.1162,1,NASA_COOLR,1488.0,18.98453814648624,17
25.7055,94.0132,1,NASA_COOLR,1461.0,16.312852085736036,18
27.3034,93.804,1,NASA_COOLR,711.0,26.864588699855144,0
28.3092,95.4149,1,NASA_COOLR,1857.0,38.139515863621305,1
25.9466,94.6279,1,NASA_COOLR,1383.0,25.215615281905745,5
25.2269,93.1658,1,NASA_COOLR,397.0,0.6577177294063461,2
26.7225,95.0281,1,NASA_COOLR,703.0,5.115005881421439,3
24.3481,94.1146,1,NASA_COOLR,1006.0,1.093236149279115,6
26.1468,91.6469,1,NASA_COOLR,61.0,10.078612762608106,24
25.3612,92.2845,1,NASA_COOLR,1225.0,2.525335057653595,3
24.6108,92.562,1,NASA_COOLR,31.0,1.8428509774985864,1
25.7354,90.3852,1,NASA_COOLR,334.0,1.2484683975059627,0
25.8143,90.5763,1,NASA_COOLR,64.0,2.270236069211179,0
25.63961883,94.11112157,1,NASA_COOLR,1503.0,16.246640656262368,17
24.5308,92.5121,1,NASA_COOLR,65.0,2.060819341006137,3
27.2676,88.2891,1,NASA_COOLR,2618.0,20.290341475609612,7
23.7269,92.7265,1,NASA_COOLR,849.0,13.485286831026679,12
25.3908,94.0926,1,NASA_COOLR,1313.0,5.554758191049879,15
24.0896,91.4663,1,NASA_COOLR,109.0,2.013460724475161,0
26.1966,91.802,1,NASA_COOLR,104.0,8.040117643971397,33
25.4749,93.1477,1,NASA_COOLR,151.0,2.5260596011080065,1
26.1097,91.7747,1,NASA_COOLR,59.0,1.2159015855398456,36
26.2753,94.6654,1,NASA_COOLR,1146.0,22.217097676174475,6
26.1001,91.6849,1,NASA_COOLR,90.0,14.872400188483255,27
28.235,94.9612,1,NASA_COOLR,314.0,31.91047193844244,0
26.1699,91.7986,1,NASA_COOLR,145.0,5.538095849725695,35
27.804670364169723,92.57214907826436,0,pseudo_absence_sampling,4624.0,25.330044597205717,0
28.43948439933537,94.38157620341555,0,pseudo_absence_sampling,2278.0,16.700836319063548,0
22.70633010915737,96.3293564614573,0,pseudo_absence_sampling,1183.0,21.304416553089567,0
27.708547764927648,95.00245013693868,0,pseudo_absence_sampling,108.0,0.1566289768061463,0
22.960852245066594,92.65270156526897,0,pseudo_absence_sampling,557.0,19.568530148257224,0
24.78098518174436,95.98735492194021,0,pseudo_absence_sampling,571.0,4.828843252566236,0
26.828988400604985,95.25933129289581,0,pseudo_absence_sampling,751.0,19.756706154552166,0
25.325606491204983,91.09067105249343,0,pseudo_absence_sampling,326.0,4.518629873421847,0
26.159385902618762,89.94672079272922,0,pseudo_absence_sampling,47.0,0.3549105926337292,0
28.207233789944365,93.92165079385445,0,pseudo_absence_sampling,1591.0,40.120927943792665,0
27.685658050640303,91.98168177690908,0,pseudo_absence_sampling,4137.0,21.090984942696824,1
29.280235182961775,95.75184784925538,0,pseudo_absence_sampling,4469.0,27.486682597382927,0
27.837876228053215,90.86247095496377,0,pseudo_absence_sampling,4847.0,26.35517723250526,0
25.500407527952756,89.8066263605106,0,pseudo_absence_sampling,23.0,0.31844553506426115,0
23.15717119050661,94.28134267269718,0,pseudo_absence_sampling,243.0,9.545420990091957,0
27.58571616930863,96.27256812703948,0,pseudo_absence_sampling,496.0,10.494872715921836,0
24.44369018603614,92.09321794224408,0,pseudo_absence_sampling,142.0,5.878896174884876,0
25.52166858456856,90.82629951359,0,pseudo_absence_sampling,315.0,4.090492777736221,0
22.974411290016036,92.82993448358154,0,pseudo_absence_sampling,819.0,8.082040577788469,0
23.70182011788163,94.18869796277757,0,pseudo_absence_sampling,192.0,0.45789127276186603,0
25.27863939154248,95.32874737240486,0,pseudo_absence_sampling,165.0,3.8785693985178415,0
27.25198826501687,91.68656648967429,0,pseudo_absence_sampling,4085.0,6.763332824540994,0
28.241948510464006,95.13335050247761,0,pseudo_absence_sampling,1192.0,18.662834580396904,1
24.906087842726308,91.51829672751171,0,pseudo_absence_sampling,8.0,0.3170980257735482,0
27.11871627981232,90.47826738526517,0,pseudo_absence_sampling,2251.0,25.63064792256208,0
23.499311518563314,89.55153588825704,0,pseudo_absence_sampling,11.0,0.20927402553196486,0
27.901932831266038,94.15395599614422,0,pseudo_absence_sampling,1542.0,3.433848596744194,1
27.28874033969751,94.96510321715377,0,pseudo_absence_sampling,105.0,0.24941710878959203,0
25.44186831653755,93.48118837167026,0,pseudo_absence_sampling,600.0,8.054803318802698,1
23.04847748595743,90.30171051475182,0,pseudo_absence_sampling,5.0,0.7758979788276167,0
27.01302221342854,92.79767344300193,0,pseudo_absence_sampling,129.0,0.7481061065134708,0
26.239270798608917,94.85499200191218,0,pseudo_absence_sampling,1824.0,30.33378400268948,4
26.760387400004433,93.37505580460598,0,pseudo_absence_sampling,64.0,0.9412440531556157,0
26.1940537055906,91.62765068643829,0,pseudo_absence_sampling,49.0,0.5026249248698688,22
22.231133759259546,92.55702172462654,0,pseudo_absence_sampling,487.0,24.79240062546172,0
23.609385046146468,92.35970050607246,0,pseudo_absence_sampling,315.0,7.143065236330309,0
28.400523049511246,91.13757640105739,0,pseudo_absence_sampling,5594.0,32.07660841297262,0
22.437270562667994,91.46968724415397,0,pseudo_absence_sampling,4.0,0.15263331264538355,0
24.201953183250126,94.13341560308827,0,pseudo_absence_sampling,725.0,23.082247977321675,4
26.177741142559587,94.98728746374489,0,pseudo_absence_sampling,1240.0,10.693285479027846,2
26.982351552455405,92.3447080300805,0,pseudo_absence_sampling,780.0,22.511366791989335,0
28.10515288499526,90.66881043935393,0,pseudo_absence_sampling,5455.0,33.491739096234035,0
22.170340548503955,90.13033502542949,0,pseudo_absence_sampling,6.0,0.5601717613616445,0
27.417695129473376,92.73314061175971,0,pseudo_absence_sampling,1909.0,10.700726124347243,0
23.209538342752012,93.00731342572354,0,pseudo_absence_sampling,991.0,16.57709441477215,0
23.142340770348763,94.37424262554416,0,pseudo_absence_sampling,139.0,1.7502191924487993,0
25.34617206680523,92.16714858267538,0,pseudo_absence_sampling,1139.0,23.117016009983086,3
24.261340668609073,93.91197815183222,0,pseudo_absence_sampling,951.0,13.229520041235032,0
24.713594579150428,90.1135494352127,0,pseudo_absence_sampling,17.0,0.2655287802911104,0
22.885044265903865,96.2332836518466,0,pseudo_absence_sampling,1064.0,16.699938796815786,0
28.814355180307054,94.39794993667525,0,pseudo_absence_sampling,3467.0,37.1958982069874,0
23.994024710946398,96.28423464143407,0,pseudo_absence_sampling,95.0,0.9758541893804995,0
27.84063177974346,94.51823132411297,0,pseudo_absence_sampling,1299.0,27.15579090207941,0
25.370211266078414,91.40569093291612,0,pseudo_absence_sampling,1374.0,8.364729273921645,0
22.722932216151246,95.81821677580689,0,pseudo_absence_sampling,172.0,0.904666839278646,0
25.41832217375208,90.91654355356661,0,pseudo_absence_sampling,392.0,4.222161142213481,0
24.294674681129894,93.55453698259328,0,pseudo_absence_sampling,916.0,20.19925090367045,0
23.32579587204424,95.49629998864663,0,pseudo_absence_sampling,165.0,0.33684702949560674,0
27.688896473764075,94.53624069165656,0,pseudo_absence_sampling,807.0,30.91132068075576,0
25.240697798313278,93.8911618849171,0,pseudo_absence_sampling,1201.0,11.8463354349728,3
26.380734766845517,94.04892621088374,0,pseudo_absence_sampling,103.0,0.4344526861059233,0
22.63333240854917,92.41065181519427,0,pseudo_absence_sampling,110.0,2.8297454121433985,0
22.312106303964192,92.95793573471163,0,pseudo_absence_sampling,504.0,19.628830641653202,0
24.47395909249589,90.51166932206233,0,pseudo_absence_sampling,17.0,0.24776398865987148,0
22.77552225791914,93.61351200524399,0,pseudo_absence_sampling,1450.0,26.250420039228942,0
23.279447264026647,95.97584082863759,0,pseudo_absence_sampling,115.0,4.045290444594211,0
26.35795854775296,91.92808863174386,0,pseudo_absence_sampling,53.0,0.9059398693650585,0
26.431866186110625,89.65962709720789,0,pseudo_absence_sampling,45.0,0.4023364060247031,0
29.18919409931084,92.8761240586003,0,pseudo_absence_sampling,4689.0,33.30585757319295,0
27.870514204377145,90.07910999945707,0,pseudo_absence_sampling,3598.0,31.638189773103598,0
25.6499374812862,92.93494896048165,0,pseudo_absence_sampling,182.0,3.464532955351533,1
29.033698412312372,93.50209636663253,0,pseudo_absence_sampling,4783.0,34.616391333896644,0
25.551170507927154,91.36882964164326,0,pseudo_absence_sampling,1589.0,4.2544176188552205,2
24.48676748006914,93.14470681730076,0,pseudo_absence_sampling,204.0,18.015663018653452,0
25.29183595228785,89.6512845591623,0,pseudo_absence_sampling,17.0,0.28532942482594215,0
28.197189431457684,95.77312540287836,0,pseudo_absence_sampling,341.0,3.7836778741162433,0
23.05186816748958,93.37825300477334,0,pseudo_absence_sampling,705.0,11.945519851357416,0
22.814318058515827,94.20568065127868,0,pseudo_absence_sampling,488.0,8.919899843898753,0
24.109253378792562,94.11595844284331,0,pseudo_absence_sampling,672.0,12.30170982341844,4
27.45245960715162,94.8805324434236,0,pseudo_absence_sampling,105.0,0.7366397252597194,0
22.808057094669223,95.91208291596325,0,pseudo_absence_sampling,115.0,1.0833617872786205,0
23.726604931711606,89.76188789323326,0,pseudo_absence_sampling,14.0,0.5315979582637931,0
26.161393520436125,92.09645598703707,0,pseudo_absence_sampling,55.0,0.3438663154355095,0
28.223423073493098,95.15776030445011,0,pseudo_absence_sampling,1603.0,24.348477317528037,1
24.378541696170366,96.17029576548822,0,pseudo_absence_sampling,200.0,3.3044620274615464,0
24.18188378605089,93.105399904622,0,pseudo_absence_sampling,210.0,1.718934697087397,1
23.91973817925702,96.05230499034275,0,pseudo_absence_sampling,109.0,1.8465462762595788,0
23.234558631865134,89.81437433574631,0,pseudo_absence_sampling,3.0,0.329259523614041,0
25.263227950022785,96.44662894839087,0,pseudo_absence_sampling,172.0,0.12621444990709196,0
28.687579496911855,94.74025613619864,0,pseudo_absence_sampling,1931.0,23.09584660048343,0
28.680943681588936,95.75412647788504,0,pseudo_absence_sampling,3174.0,25.07452415635737,0
25.89143770289837,91.71150336281555,0,pseudo_absence_sampling,523.0,3.768443955233691,0
27.790093240832412,94.13162884217432,0,pseudo_absence_sampling,958.0,26.565163402431526,1
24.802432966552825,90.1612666764306,0,pseudo_absence_sampling,18.0,0.20774664767199816,0
27.600922085117695,91.33722361146005,0,pseudo_absence_sampling,3978.0,9.877087772036951,0
29.026098629003343,91.18679402503979,0,pseudo_absence_sampling,4950.0,20.1838501780912,0
22.920684493086146,95.31778870487435,0,pseudo_absence_sampling,137.0,0.4972834908806765,0
23.149632374683705,90.75487815710417,0,pseudo_absence_sampling,13.0,0.6275076333942705,0
26.495370936406324,95.62193428586225,0,pseudo_absence_sampling,430.0,23.383598101790742,0
23.473259992859298,91.67226571030066,0,pseudo_absence_sampling,47.0,0.49444668071199205,0
27.83053628680883,96.30278498242677,0,pseudo_absence_sampling,275.0,0.9726008013770429,2
25.755558896517567,90.50728251785875,0,pseudo_absence_sampling,187.0,7.742222239243413,2
22.104522157811513,91.10759220999199,0,pseudo_absence_sampling,0.0,0.0,0
22.988666633398907,94.24361071529,0,pseudo_absence_sampling,863.0,11.231180776404805,0
22.913743784713983,93.04430952134443,0,pseudo_absence_sampling,444.0,20.50945247555705,0
27.20696826732165,93.56781626454631,0,pseudo_absence_sampling,1096.0,17.057893061016653,2
23.49831738745043,95.12887168327583,0,pseudo_absence_sampling,222.0,0.8070610114354541,0
27.365553472118513,94.67288802740879,0,pseudo_absence_sampling,98.0,0.8359336437525589,0
22.98293313667985,90.36627662555242,0,pseudo_absence_sampling,8.0,0.9512163884456976,0
28.956719132548805,92.28304735677459,0,pseudo_absence_sampling,5030.0,24.040545697631813,0
24.257115188357048,92.92008831746074,0,pseudo_absence_sampling,250.0,15.370995686614618,0
26.971481595726868,96.18936279932879,0,pseudo_absence_sampling,497.0,14.289431428325848,0
24.148346701615413,95.97365900518419,0,pseudo_absence_sampling,378.0,11.25976657746479,0
22.18644618539692,93.38638629628777,0,pseudo_absence_sampling,1292.0,17.509342397358196,0
26.754813337608137,90.24128182625527,0,pseudo_absence_sampling,178.0,2.8205887238170484,0
23.052546977979343,92.43380023521412,0,pseudo_absence_sampling,165.0,14.712346861598409,0
29.246739341073862,93.67229787264061,0,pseudo_absence_sampling,4982.0,15.744858120249358,0
28.997674162001584,95.1305264092908,0,pseudo_absence_sampling,2824.0,8.124767566986256,0
25.505362011664687,94.99334414476532,0,pseudo_absence_sampling,905.0,32.196825517795155,0
22.133775879827407,90.26400797736015,0,pseudo_absence_sampling,7.0,0.11969622418040464,0
28.220714611620522,95.07771961827613,0,pseudo_absence_sampling,1498.0,15.616622069437497,2
23.74480556474825,93.21538713419338,0,pseudo_absence_sampling,705.0,14.502755748400602,0
26.545118655250082,95.57417267643208,0,pseudo_absence_sampling,832.0,21.765061674945297,0
26.523303680040442,92.38800098491576,0,pseudo_absence_sampling,53.0,0.48260226572367426,0
24.80638032555387,92.48117460461457,0,pseudo_absence_sampling,22.0,1.0793826596021379,1
26.889482691849807,95.57243442226627,0,pseudo_absence_sampling,1621.0,24.035787464520478,1
25.40422661557225,91.2348769406595,0,pseudo_absence_sampling,1268.0,2.257217595966093,2
23.774967722481858,94.72209996170412,0,pseudo_absence_sampling,352.0,2.4600977352648288,0
28.12426572567933,90.23694655897887,0,pseudo_absence_sampling,5069.0,17.044696913788737,0
22.499191427163836,93.66103564629516,0,pseudo_absence_sampling,2016.0,22.7125886634865,0
23.096299331445238,95.2726493331944,0,pseudo_absence_sampling,155.0,0.22552590612577864,0
24.327510054430558,90.507103530798,0,pseudo_absence_sampling,10.0,0.7116209057833925,0
28.907278543655877,90.65872205914695,0,pseudo_absence_sampling,4442.0,0.0,0
24.135400617534515,90.57529376634442,0,pseudo_absence_sampling,14.0,0.5717270485380935,0
22.866175477490163,89.64803611435508,0,pseudo_absence_sampling,5.0,0.08343073058766076,0
22.41546556873195,90.72249029655097,0,pseudo_absence_sampling,4.0,0.2945914563336792,0
22.400364494703815,93.6380067127768,0,pseudo_absence_sampling,1140.0,22.185980882414395,0
27.105358950996298,92.2554131978242,0,pseudo_absence_sampling,2054.0,14.08618505146537,0
24.384933227140372,93.0316836591556,0,pseudo_absence_sampling,99.0,4.746966450287035,1
28.562537066759564,95.45792138775545,0,pseudo_absence_sampling,3384.0,28.600317853860084,0
22.32606296509594,90.77048886717567,0,pseudo_absence_sampling,4.0,0.5236367024048707,0
23.77558653328297,91.24571303082548,0,pseudo_absence_sampling,8.0,0.6232180946858958,0
26.284244888070795,92.41383697992235,0,pseudo_absence_sampling,60.0,0.185503153698637,0
22.369405899456954,92.11529896921701,0,pseudo_absence_sampling,31.0,2.6698280295819288,0
25.92814711538228,90.21170332032601,0,pseudo_absence_sampling,42.0,0.6264344117186135,0
28.250939153414198,89.86373306525573,0,pseudo_absence_sampling,5185.0,16.39280080553174,0
28.936314017635468,90.19379199105913,0,pseudo_absence_sampling,6155.0,32.666317045557065,0
28.326812136983147,95.81857200749332,0,pseudo_absence_sampling,1090.0,41.60516052306002,2
29.346780104399446,95.11418116191516,0,pseudo_absence_sampling,3416.0,31.72656841404799,0
27.846081555784966,93.99738293196883,0,pseudo_absence_sampling,1140.0,28.210072631933457,0
27.842472659335968,90.44186545889202,0,pseudo_absence_sampling,4783.0,24.161392545587255,0
26.02051026960728,93.0995600913329,0,pseudo_absence_sampling,96.0,0.6084028320216102,0
28.431791080919183,92.73959555915461,0,pseudo_absence_sampling,5013.0,30.095072298122393,0
24.88817122075265,93.97694289865977,0,pseudo_absence_sampling,784.0,0.35664010892495174,4
23.998474881256346,90.4783788766777,0,pseudo_absence_sampling,11.0,0.34931188290755155,0
25.584079555178093,92.41822558016419,0,pseudo_absence_sampling,1050.0,4.584932489941705,0
23.74427455396655,92.0725826708059,0,pseudo_absence_sampling,203.0,1.4476884426901804,0
24.747943373696856,91.79246895088782,0,pseudo_absence_sampling,16.0,0.476123891591678,0
24.845980597951968,94.30020341819161,0,pseudo_absence_sampling,1104.0,23.24894951339635,3
24.22657355928464,96.14200548700738,0,pseudo_absence_sampling,117.0,0.8940867718611032,0
28.872610146536335,92.86637299810054,0,pseudo_absence_sampling,3927.0,28.371791078026217,0
24.462709037535166,93.24804352881002,0,pseudo_absence_sampling,180.0,1.1614068406608216,0
28.364203665802183,94.06811138392071,0,pseudo_absence_sampling,1485.0,34.868478571543186,0
28.03293870960308,93.22905593246018,0,pseudo_absence_sampling,2182.0,21.497408579229138,0
26.746882219507157,91.51708929927723,0,pseudo_absence_sampling,114.0,0.8945819824814426,0
27.51169871732718,90.91683215188003,0,pseudo_absence_sampling,3919.0,10.19180415368329,0
27.210985966138736,95.52503347828126,0,pseudo_absence_sampling,288.0,6.721502051632854,0
22.990771279761578,93.80065818379344,0,pseudo_absence_sampling,1347.0,26.490399156721253,0
22.713218111724508,94.58000939789999,0,pseudo_absence_sampling,309.0,9.16197968301214,0
22.6336991411764,96.05157875890438,0,pseudo_absence_sampling,119.0,0.8683455275820997,0
23.030559475283518,96.21216172136356,0,pseudo_absence_sampling,1584.0,14.1695767965262,0
28.006631320638224,93.65577403126449,0,pseudo_absence_sampling,879.0,36.3799475683019,0
27.869680784721602,95.0658038728816,0,pseudo_absence_sampling,477.0,15.895200698222741,0
29.09520297112998,91.27368347687431,0,pseudo_absence_sampling,4012.0,25.773675046058617,0
26.42556921518732,90.1653443829508,0,pseudo_absence_sampling,49.0,0.28190656371792344,0
26.62124275018091,90.69903912864952,0,pseudo_absence_sampling,82.0,0.41797942797323134,0
26.237129586043313,93.50701359823695,0,pseudo_absence_sampling,844.0,8.83602715803937,0
25.494888647359204,93.15842242859186,0,pseudo_absence_sampling,214.0,10.794180080980851,2
27.72942542504941,95.09471301558446,0,pseudo_absence_sampling,113.0,0.22552590612577864,0
25.69114911681572,93.69715409065829,0,pseudo_absence_sampling,300.0,8.349476382428225,1
28.984271767675764,90.33813511950785,0,pseudo_absence_sampling,5463.0,17.05659924672322,0
22.87827674425083,90.11396308337538,0,pseudo_absence_sampling,3.0,0.018508350016244127,0
26.93397463780396,92.43025810553266,0,pseudo_absence_sampling,328.0,11.291644108674166,0
27.807410621063823,94.19861989316014,0,pseudo_absence_sampling,1077.0,28.37823958905508,1
24.502283187461785,95.78856583153075,0,pseudo_absence_sampling,878.0,5.897511905505836,0
27.718991103029893,91.39374458637123,0,pseudo_absence_sampling,2871.0,43.23050109306822,0
24.731440133290405,91.70107986142985,0,pseudo_absence_sampling,14.0,0.40355388841224993,0
23.182087364687497,90.53448360779534,0,pseudo_absence_sampling,8.0,0.44419151656403494,0
29.02095597531808,92.56532826039127,0,pseudo_absence_sampling,3543.0,22.10410236562634,0
24.874898670830575,94.60779996074164,0,pseudo_absence_sampling,467.0,8.675263566083864,1
26.14744798939675,96.05297990786923,0,pseudo_absence_sampling,369.0,14.078246484846254,0
27.852261204320442,92.85558694887179,0,pseudo_absence_sampling,3507.0,46.260877005318456,0
24.822696051106195,96.40642081447025,0,pseudo_absence_sampling,200.0,0.09048998959225436,0
27.383201770027327,96.15836262002689,0,pseudo_absence_sampling,238.0,3.342374263325599,0
22.88858932912781,95.45373575433548,0,pseudo_absence_sampling,113.0,0.09939441843213014,0
26.778054129934056,90.35345174834579,0,pseudo_absence_sampling,173.0,0.9798470932597073,0
26.411934999769155,94.30267455573814,0,pseudo_absence_sampling,340.0,16.076581531969076,0
22.092270144164523,92.68022573289223,0,pseudo_absence_sampling,259.0,11.354909364577848,0
28.19049633397241,91.56751317740863,0,pseudo_absence_sampling,4863.0,13.245623603396623,0
25.439110613489134,92.59619888947525,0,pseudo_absence_sampling,809.0,7.057058539793278,0
24.264455435818686,95.92909326860888,0,pseudo_absence_sampling,139.0,2.184417087379725,0
27.85970526573637,90.27411887697278,0,pseudo_absence_sampling,5032.0,9.21096010338337,0
29.477759933781797,95.65440017015422,0,pseudo_absence_sampling,3791.0,25.065977317967114,0
24.12931328398029,95.35827605762657,0,pseudo_absence_sampling,268.0,1.3597506488410092,0
22.79814648903537,96.49373311331968,0,pseudo_absence_sampling,810.0,19.512061109044534,0
26.992635520799027,94.05087510891158,0,pseudo_absence_sampling,83.0,0.4008391957273153,0
22.678305452380997,95.77923379227637,0,pseudo_absence_sampling,142.0,0.34457918452516134,0
22.217496274033522,91.18579640628803,0,pseudo_absence_sampling,0.0,0.4544489408106027,0
23.072664063749762,94.93737558484553,0,pseudo_absence_sampling,420.0,1.0309373082139852,0
23.486531704096734,95.8744675899162,0,pseudo_absence_sampling,259.0,3.0262804578684555,0
26.922017794956176,89.75313897346287,0,pseudo_absence_sampling,887.0,13.911195683997384,0
22.040723755965253,89.8616054191008,0,pseudo_absence_sampling,0.0,0.0,0
26.544438832357958,95.11037267601591,0,pseudo_absence_sampling,1959.0,4.889062384047288,0
23.789146154705413,95.44586190046151,0,pseudo_absence_sampling,239.0,4.3506290193346775,0
22.429239551149454,95.10674697549173,0,pseudo_absence_sampling,101.0,0.3876503411774265,0
28.958465726292104,94.90475879373066,0,pseudo_absence_sampling,919.0,20.475043103763095,1
27.235905879839777,95.36586153058768,0,pseudo_absence_sampling,120.0,0.039627184236775595,0
22.301134746602997,90.91247477503339,0,pseudo_absence_sampling,2.0,0.14616559874890517,0
22.936927594792323,93.0317169313509,0,pseudo_absence_sampling,738.0,27.319723748273542,0
27.588910962466333,93.9100829120348,0,pseudo_absence_sampling,2448.0,8.438906500236303,1
28.383483248214514,90.58649094708764,0,pseudo_absence_sampling,4790.0,25.234189202646878,0
27.50965818951371,90.85129043608232,0,pseudo_absence_sampling,3394.0,13.760017984912166,0
24.030690634883502,94.46933288096913,0,pseudo_absence_sampling,411.0,8.897309651695313,0
29.351535886740113,93.78080524183949,0,pseudo_absence_sampling,4645.0,30.932806133808274,0
22.40875236243472,93.81416278949273,0,pseudo_absence_sampling,1209.0,17.6963985791375,0
22.317629136851252,95.68901997956772,0,pseudo_absence_sampling,82.0,0.12065324143226208,0
27.321837138254654,90.71189492495752,0,pseudo_absence_sampling,3620.0,35.897924964503105,0
22.687907543681487,90.78473260216224,0,pseudo_absence_sampling,0.0,0.0,0
29.350203846656445,92.70992449720943,0,pseudo_absence_sampling,4915.0,6.7430666358528635,0
27.88060711256056,93.95485839475444,0,pseudo_absence_sampling,782.0,40.064958210607585,0
26.29309862468978,90.51591178265535,0,pseudo_absence_sampling,182.0,22.828590479425877,0
29.095183401685713,91.60939842760303,0,pseudo_absence_sampling,4530.0,29.465262893706722,0
26.335129118556566,94.39843161212346,0,pseudo_absence_sampling,899.0,14.959531538828648,2
26.869248664339818,96.08416086786863,0,pseudo_absence_sampling,1127.0,15.352397543207667,0
23.113292424400434,93.0584691691286,0,pseudo_absence_sampling,1321.0,5.2151791066350475,0
25.030257930555745,92.81918110637832,0,pseudo_absence_sampling,872.0,24.952993614303804,5
22.894131446483083,90.43866226910936,0,pseudo_absence_sampling,12.0,0.2406063788194464,0
24.08556659335943,91.63293222632582,0,pseudo_absence_sampling,47.0,0.5204749802686476,0
25.209274102610124,93.7769128292564,0,pseudo_absence_sampling,1600.0,9.797872392747575,3
26.759718380636972,92.38267627609899,0,pseudo_absence_sampling,103.0,0.44085078311389636,0
25.065873320715227,91.02339968687873,0,pseudo_absence_sampling,7.0,0.19379309208561124,0
26.41229686306756,91.71928637922066,0,pseudo_absence_sampling,55.0,0.4255788100574542,1
22.270448757080228,92.42880030909802,0,pseudo_absence_sampling,598.0,8.907778539217418,0
25.555995063176276,91.07915007742947,0,pseudo_absence_sampling,1008.0,5.491458097141424,0
26.293434498415866,93.46040330302344,0,pseudo_absence_sampling,671.0,3.8404319858377596,0
27.265016358327784,94.03563937540846,0,pseudo_absence_sampling,100.0,0.49714059571570485,3
26.893247923907737,91.7134990627683,0,pseudo_absence_sampling,382.0,7.237095940670741,0
25.235636463849175,93.8820873665874,0,pseudo_absence_sampling,1185.0,8.68819429331125,3
24.704930008376905,93.08917471224731,0,pseudo_absence_sampling,39.0,4.142928362411584,2
27.525292663616653,95.70482020706595,0,pseudo_absence_sampling,143.0,0.12921853300875602,0
28.907928979713937,93.0254304762817,0,pseudo_absence_sampling,3984.0,32.881648748153616,0
25.90206336055427,95.09909287534686,0,pseudo_absence_sampling,2073.0,23.20843636307634,0
24.358380188081508,95.36167653641547,0,pseudo_absence_sampling,331.0,5.895033580426275,0
25.706062348880675,90.31099707034687,0,pseudo_absence_sampling,287.0,11.049325189076688,1
22.540443603047077,95.39395247727624,0,pseudo_absence_sampling,92.0,0.49714059571570485,0
22.416759376801583,91.46428005293559,0,pseudo_absence_sampling,0.0,0.0,0
24.505975303761595,90.71096111634115,0,pseudo_absence_sampling,14.0,0.1616331629542394,0
24.35420027351492,94.6988479670756,0,pseudo_absence_sampling,294.0,7.049579706837482,0
22.11012132670053,95.2902139716448,0,pseudo_absence_sampling,237.0,7.507818699831886,0
28.424110176809187,92.10583101234084,0,pseudo_absence_sampling,4842.0,19.16453063912843,0
23.15209674295476,93.70588285561557,0,pseudo_absence_sampling,1674.0,23.859094534468138,0
22.89754416898671,92.05443552754777,0,pseudo_absence_sampling,57.0,0.9205123684060252,0
29.18821885675729,96.46825130808546,0,pseudo_absence_sampling,4937.0,25.436777452473077,0
27.790786685159393,91.67673056944537,0,pseudo_absence_sampling,4204.0,35.42990285572324,0
27.157487868745694,94.4378445583881,0,pseudo_absence_sampling,90.0,0.14884242478204335,0
24.90881271372737,93.98622044210312,0,pseudo_absence_sampling,785.0,0.589547938559025,5
22.080457337317572,90.96340361021569,0,pseudo_absence_sampling,0.0,0.0,0
25.93816227225446,90.64625912980807,0,pseudo_absence_sampling,66.0,0.49564281722047177,1
23.244301509074003,95.35413003385166,0,pseudo_absence_sampling,142.0,0.0,0
29.41849752012704,93.39178599619913,0,pseudo_absence_sampling,4764.0,29.292696355078647,0
28.29302298161285,96.4322516502839,0,pseudo_absence_sampling,2502.0,15.37936150176033,0
23.06196916426581,92.63771929278046,0,pseudo_absence_sampling,296.0,14.811052839352532,0
24.944295368814398,90.0603449855233,0,pseudo_absence_sampling,18.0,0.934359747104846,0
27.664976295960585,92.53645319125815,0,pseudo_absence_sampling,3798.0,24.275560416605554,0
25.51995200642801,90.55471081669268,0,pseudo_absence_sampling,305.0,1.5899040835881533,0
23.35694989173151,95.84972535509351,0,pseudo_absence_sampling,233.0,0.392793183284356,0
22.334868167307093,91.12996599460594,0,pseudo_absence_sampling,6.0,0.1381570126785442,0
24.19044497735896,92.9313827968111,0,pseudo_absence_sampling,475.0,8.432022561101018,0
26.39833879761097,92.95302983095466,0,pseudo_absence_sampling,198.0,13.168213422902978,0
22.630865009176617,91.20567217838999,0,pseudo_absence_sampling,4.0,0.10826299052698095,0
28.32691288571906,93.9631209033492,0,pseudo_absence_sampling,2087.0,35.75284172392672,0
26.868617876007058,94.19142278745949,0,pseudo_absence_sampling,86.0,0.7371786689791435,0
27.721772642796466,89.90675937205013,0,pseudo_absence_sampling,2633.0,37.63890983492721,0
24.749562886994593,93.27669204683176,0,pseudo_absence_sampling,878.0,19.9071354896759,3
24.538423624729944,95.41135211301031,0,pseudo_absence_sampling,420.0,8.658218829394611,0
25.619293814404706,94.88039312621565,0,pseudo_absence_sampling,1318.0,29.24796904958929,0
28.390116376608766,93.03354038032448,0,pseudo_absence_sampling,4140.0,48.162841559925766,0
28.821641829035123,93.60986758375887,0,pseudo_absence_sampling,4577.0,27.64612907549365,0
28.377057241252913,91.88413556914067,0,pseudo_absence_sampling,5676.0,17.02094955983512,0
25.74112718898614,93.21987728703205,0,pseudo_absence_sampling,160.0,2.185287303737295,0
22.78734786922053,92.28986754691078,0,pseudo_absence_sampling,36.0,0.6847763678905401,0
28.88003254413757,93.91582568255319,0,pseudo_absence_sampling,4296.0,18.346749729013247,0
23.331299368277257,91.87198944926723,0,pseudo_absence_sampling,99.0,1.2242983933730647,0
23.437022572470248,89.67376192259,0,pseudo_absence_sampling,9.0,0.7577976456558879,0
28.9559534387802,92.6374512977981,0,pseudo_absence_sampling,4188.0,14.78190802767185,0
24.306513043155896,93.68934034090415,0,pseudo_absence_sampling,816.0,0.5723035935839298,0
22.05485842219762,91.44615474620569,0,pseudo_absence_sampling,0.0,0.0,0
27.272750992741695,93.93638841148484,0,pseudo_absence_sampling,234.0,4.02361575494915,2
29.363544606569015,93.8425039676063,0,pseudo_absence_sampling,4403.0,19.74782093539606,0
25.581294052207994,94.83002794228805,0,pseudo_absence_sampling,2104.0,29.09066215848855,0
28.774959039730398,94.54487162702846,0,pseudo_absence_sampling,2616.0,35.02126959052254,0
29.224084176620348,94.97403619516724,0,pseudo_absence_sampling,2466.0,30.3375560218687,0
28.50101078696445,90.29872849828546,0,pseudo_absence_sampling,5340.0,18.302101398489008,0
27.49310127245341,92.58062089669158,0,pseudo_absence_sampling,2249.0,13.532863685542027,0
26.148278518084563,94.0787168663765,0,pseudo_absence_sampling,385.0,12.6030668515321,0
29.27361337529177,96.39204657002138,0,pseudo_absence_sampling,3997.0,7.925057853305946,0
24.16171184115929,94.63627448206542,0,pseudo_absence_sampling,116.0,0.18047108439298729,0
27.624876534514513,91.92545002919134,0,pseudo_absence_sampling,3720.0,19.327729323664645,4
22.929023311481657,89.78662872200003,0,pseudo_absence_sampling,5.0,0.09246792864386241,0
27.83007345646884,92.92789819271835,0,pseudo_absence_sampling,2724.0,53.57169308017788,1
29.391551271211945,92.75481419335557,0,pseudo_absence_sampling,4461.0,17.048558620141524,0
29.334377343053802,92.38103201535841,0,pseudo_absence_sampling,5038.0,18.32075797930088,0
27.952616129199797,90.09373490618283,0,pseudo_absence_sampling,5115.0,17.384327538454716,0
26.16596282603323,95.11441850890007,0,pseudo_absence_sampling,2434.0,16.446746665482145,0
28.935262504149165,95.25808163432202,0,pseudo_absence_sampling,3494.0,34.73446268533382,1
22.277280454008807,92.10891638914714,0,pseudo_absence_sampling,31.0,0.5304175958064897,0
22.365238542353886,90.2649760378019,0,pseudo_absence_sampling,0.0,0.05552503459805211,0
27.06479221500613,94.4928073741819,0,pseudo_absence_sampling,90.0,0.44264997429098973,0
27.8029051206372,95.55819583638964,0,pseudo_absence_sampling,127.0,0.19813516297068728,0
27.545736013573823,95.10610114474642,0,pseudo_absence_sampling,107.0,0.3009288726614023,0
22.367227823674593,91.1417460530891,0,pseudo_absence_sampling,5.0,0.5822848842884418,0
26.664233300314343,95.50687713237376,0,pseudo_absence_sampling,1820.0,19.83480673581157,0
22.033750937047444,93.10240539481445,0,pseudo_absence_sampling,837.0,13.492358779682892,0
27.079655495232977,89.7072510239003,0,pseudo_absence_sampling,3418.0,25.601899032309518,0
25.01016668165041,95.76944416968588,0,pseudo_absence_sampling,748.0,12.299701858853602,0
27.03709606641894,91.16360854352418,0,pseudo_absence_sampling,1074.0,30.368055107624652,0
28.395858472239347,91.9362199638666,0,pseudo_absence_sampling,4980.0,4.587392848399536,0
28.400085033580446,91.59260555783234,0,pseudo_absence_sampling,5075.0,6.8310080979251415,0
26.427401881623616,92.27858047423484,0,pseudo_absence_sampling,57.0,0.503540370901472,0
24.061187880663002,95.70590293520308,0,pseudo_absence_sampling,418.0,7.59662505671995,0
23.406952614546185,90.09368113865034,0,pseudo_absence_sampling,10.0,1.6577178867522824,0
24.56445203909245,94.52347403349097,0,pseudo_absence_sampling,195.0,0.21594422975123753,0
28.055737044822113,96.49120359046735,0,pseudo_absence_sampling,773.0,33.15890936510317,0
24.222715427583736,92.35559365791897,0,pseudo_absence_sampling,85.0,1.6997559484090492,0
23.026159585222196,93.52410350736123,0,pseudo_absence_sampling,1397.0,14.867721367500637,0
29.481850279471878,94.4061670708446,0,pseudo_absence_sampling,3125.0,26.44433914014071,0
26.464096303100288,92.24658365045256,0,pseudo_absence_sampling,56.0,0.6850594485095522,0
28.86474070214166,92.97841617291245,0,pseudo_absence_sampling,4618.0,30.85184510684248,0
23.00775184984796,92.05764924239394,0,pseudo_absence_sampling,58.0,0.541299491828338,0
22.503750016358254,90.91385326382147,0,pseudo_absence_sampling,1.0,0.9653433472123507,0
22.132515857499342,92.67295941550114,0,pseudo_absence_sampling,190.0,7.246546679273904,0
26.759051987138477,91.90304723665236,0,pseudo_absence_sampling,132.0,0.9584644962377696,0
25.152863286289577,96.21446490991204,0,pseudo_absence_sampling,245.0,2.125414127639544,0
27.639723411811865,93.28599645861466,0,pseudo_absence_sampling,3066.0,22.590543095632853,0
24.13405656333869,95.77897759141096,0,pseudo_absence_sampling,999.0,13.016493972649727,0
23.763228376604946,91.77739911361674,0,pseudo_absence_sampling,126.0,2.551080626312925,1
28.817986108172114,93.20679438699551,0,pseudo_absence_sampling,5042.0,17.363468444493517,0
27.567384620634826,93.63521355914637,0,pseudo_absence_sampling,1234.0,13.390521063745055,0
26.900794067571212,91.59568304060377,0,pseudo_absence_sampling,1727.0,33.70473348774046,0
